-- phpMyAdmin SQL Dump
-- version 5.2.1
-- https://www.phpmyadmin.net/
--
-- Host: 127.0.0.1
-- Generation Time: Jun 04, 2024 at 07:42 PM
-- Server version: 10.4.28-MariaDB
-- PHP Version: 8.2.4

SET SQL_MODE = "NO_AUTO_VALUE_ON_ZERO";
START TRANSACTION;
SET time_zone = "+00:00";


/*!40101 SET @OLD_CHARACTER_SET_CLIENT=@@CHARACTER_SET_CLIENT */;
/*!40101 SET @OLD_CHARACTER_SET_RESULTS=@@CHARACTER_SET_RESULTS */;
/*!40101 SET @OLD_COLLATION_CONNECTION=@@COLLATION_CONNECTION */;
/*!40101 SET NAMES utf8mb4 */;

--
-- Database: `insurance`
--
CREATE DATABASE IF NOT EXISTS `insurance` DEFAULT CHARACTER SET utf8mb4 COLLATE utf8mb4_general_ci;
USE `insurance`;

-- --------------------------------------------------------

--
-- Table structure for table `car_insurance`
--

DROP TABLE IF EXISTS `car_insurance`;
CREATE TABLE IF NOT EXISTS `car_insurance` (
  `id_car` int(11) NOT NULL AUTO_INCREMENT,
  `provinsi` varchar(50) NOT NULL,
  `1-4` int(11) NOT NULL,
  `5-6` int(11) NOT NULL,
  `7-8` int(11) NOT NULL,
  `9-10` int(11) NOT NULL,
  `11-15` int(11) NOT NULL,
  `16-20` int(11) NOT NULL,
  `21-25` int(11) NOT NULL,
  `26-30` int(11) NOT NULL,
  `366` int(11) NOT NULL,
  PRIMARY KEY (`id_car`)
) ENGINE=InnoDB AUTO_INCREMENT=40 DEFAULT CHARSET=utf8mb4 COLLATE=utf8mb4_general_ci;

--
-- Dumping data for table `car_insurance`
--

INSERT INTO `car_insurance` (`id_car`, `provinsi`, `1-4`, `5-6`, `7-8`, `9-10`, `11-15`, `16-20`, `21-25`, `26-30`, `366`) VALUES
(1, 'Nanggroe Aceh Darussalam', 55000, 65000, 85000, 100000, 140000, 190000, 235000, 280000, 1375000),
(2, 'Sumatra Utara', 55000, 65000, 85000, 100000, 140000, 190000, 235000, 280000, 1375000),
(3, 'Sumatra Selatan', 55000, 65000, 85000, 100000, 140000, 190000, 235000, 280000, 1375000),
(4, 'Sumatra Barat', 55000, 65000, 85000, 100000, 140000, 190000, 235000, 280000, 1375000),
(5, 'Bengkulu', 55000, 65000, 85000, 100000, 140000, 190000, 235000, 280000, 1375000),
(6, 'Riau', 55000, 65000, 85000, 100000, 140000, 190000, 235000, 280000, 1375000),
(7, 'Kepulauan Riau', 55000, 65000, 85000, 100000, 140000, 190000, 235000, 280000, 1375000),
(8, 'Jambi', 55000, 65000, 85000, 100000, 140000, 190000, 235000, 280000, 1375000),
(9, 'Lampung', 55000, 65000, 85000, 100000, 140000, 190000, 235000, 280000, 1375000),
(10, 'Bangka Belitung', 55000, 65000, 85000, 100000, 140000, 190000, 235000, 280000, 1375000),
(11, 'Kalimantan Barat', 60000, 70000, 90000, 110000, 150000, 200000, 250000, 300000, 1500000),
(12, 'Kalimantan Timur', 60000, 70000, 90000, 110000, 150000, 200000, 250000, 300000, 1500000),
(13, 'Kalimantan Selatan', 60000, 70000, 90000, 110000, 150000, 200000, 250000, 300000, 1500000),
(14, 'Kalimantan Tengah', 60000, 70000, 90000, 110000, 150000, 200000, 250000, 300000, 1500000),
(15, 'Kalimantan Utara', 60000, 70000, 90000, 110000, 150000, 200000, 250000, 300000, 1500000),
(16, 'Banten', 45000, 50000, 70000, 85000, 115000, 160000, 200000, 240000, 1200000),
(17, 'DKI Jakarta', 45000, 50000, 70000, 85000, 115000, 160000, 200000, 240000, 1200000),
(18, 'Jawa Barat', 45000, 50000, 70000, 85000, 115000, 160000, 200000, 240000, 1200000),
(19, 'Jawa Tengah', 45000, 50000, 70000, 85000, 115000, 160000, 200000, 240000, 1200000),
(20, 'Daerah Istimewa Yogyakarta', 45000, 50000, 70000, 85000, 115000, 160000, 200000, 240000, 1200000),
(21, 'Jawa Timur', 45000, 50000, 70000, 85000, 115000, 160000, 200000, 240000, 1200000),
(22, 'Bali', 47500, 55000, 75000, 90000, 125000, 175000, 215000, 255000, 1250000),
(23, 'Nusa Tenggara Timur', 50000, 60000, 80000, 95000, 130000, 180000, 220000, 260000, 1300000),
(24, 'Nusa Tenggara Barat', 50000, 60000, 80000, 95000, 130000, 180000, 220000, 260000, 1300000),
(25, 'Gorontalo', 52500, 62000, 82000, 98000, 135000, 185000, 225000, 270000, 1350000),
(26, 'Sulawesi Barat', 52500, 62000, 82000, 98000, 135000, 185000, 225000, 270000, 1350000),
(27, 'Sulawesi Tengah', 52500, 62000, 82000, 98000, 135000, 185000, 225000, 270000, 1350000),
(28, 'Sulawesi Utara', 52500, 62000, 82000, 98000, 135000, 185000, 225000, 270000, 1350000),
(29, 'Sulawesi Tenggara', 52500, 62000, 82000, 98000, 135000, 185000, 225000, 270000, 1350000),
(30, 'Sulawesi Selatan', 52500, 62000, 82000, 98000, 135000, 185000, 225000, 270000, 1350000),
(31, 'Maluku Utara', 55000, 65000, 85000, 105000, 145000, 195000, 240000, 285000, 1400000),
(32, 'Maluku', 55000, 65000, 85000, 105000, 145000, 195000, 240000, 285000, 1400000),
(33, 'Papua Barat', 60000, 70000, 90000, 110000, 150000, 200000, 250000, 300000, 1500000),
(34, 'Papua', 60000, 70000, 90000, 110000, 150000, 200000, 250000, 300000, 1500000),
(35, 'Papua Tengah', 60000, 70000, 90000, 110000, 150000, 200000, 250000, 300000, 1500000),
(36, 'Papua Pegunungan', 60000, 70000, 90000, 110000, 150000, 200000, 250000, 300000, 1500000),
(37, 'Papua Selatan', 60000, 70000, 90000, 110000, 150000, 200000, 250000, 300000, 1500000),
(38, 'Papua Barat Daya', 60000, 70000, 90000, 110000, 150000, 200000, 250000, 300000, 1500000);

-- --------------------------------------------------------

--
-- Table structure for table `cities`
--

DROP TABLE IF EXISTS `cities`;
CREATE TABLE IF NOT EXISTS `cities` (
  `id` int(11) NOT NULL AUTO_INCREMENT,
  `nama_kota_kabupaten` varchar(50) NOT NULL,
  `provinsi` varchar(50) NOT NULL,
  `id_car_insurance` int(11) NOT NULL,
  PRIMARY KEY (`id`)
) ENGINE=InnoDB AUTO_INCREMENT=515 DEFAULT CHARSET=utf8mb4 COLLATE=utf8mb4_general_ci;

--
-- Dumping data for table `cities`
--

INSERT INTO `cities` (`id`, `nama_kota_kabupaten`, `provinsi`, `id_car_insurance`) VALUES
(1, 'Kabupaten Aceh Barat', 'Nanggroe Aceh Darussalam', 1),
(2, 'Kabupaten Aceh Barat Daya', 'Nanggroe Aceh Darussalam', 1),
(3, 'Kabupaten Aceh Besar', 'Nanggroe Aceh Darussalam', 1),
(4, 'Kabupaten Aceh Jaya', 'Nanggroe Aceh Darussalam', 1),
(5, 'Kabupaten Aceh Selatan', 'Nanggroe Aceh Darussalam', 1),
(6, 'Kabupaten Aceh Singkil', 'Nanggroe Aceh Darussalam', 1),
(7, 'Kabupaten Aceh Tamiang', 'Nanggroe Aceh Darussalam', 1),
(8, 'Kabupaten Aceh Tengah', 'Nanggroe Aceh Darussalam', 1),
(9, 'Kabupaten Aceh Tenggara', 'Nanggroe Aceh Darussalam', 1),
(10, 'Kabupaten Aceh Timur', 'Nanggroe Aceh Darussalam', 1),
(11, 'Kabupaten Aceh Utara', 'Nanggroe Aceh Darussalam', 1),
(12, 'Kabupaten Bener Meriah', 'Nanggroe Aceh Darussalam', 1),
(13, 'Kabupaten Bireuen', 'Nanggroe Aceh Darussalam', 1),
(14, 'Kabupaten Gayo Lues', 'Nanggroe Aceh Darussalam', 1),
(15, 'Kabupaten Nagan Raya', 'Nanggroe Aceh Darussalam', 1),
(16, 'Kabupaten Pidie', 'Nanggroe Aceh Darussalam', 1),
(17, 'Kabupaten Pidie Jaya', 'Nanggroe Aceh Darussalam', 1),
(18, 'Kabupaten Simeulue', 'Nanggroe Aceh Darussalam', 1),
(19, 'Kota Banda Aceh', 'Nanggroe Aceh Darussalam', 1),
(20, 'Kota Langsa', 'Nanggroe Aceh Darussalam', 1),
(21, 'Kota Lhokseumawe', 'Nanggroe Aceh Darussalam', 1),
(22, 'Kota Sabang', 'Nanggroe Aceh Darussalam', 1),
(23, 'Kota Subulussalam', 'Nanggroe Aceh Darussalam', 1),
(24, 'Kabupaten Asahan', 'Sumatra Utara', 2),
(25, 'Kabupaten Batu Bara', 'Sumatra Utara', 2),
(26, 'Kabupaten Dairi', 'Sumatra Utara', 2),
(27, 'Kabupaten Deli Serdang', 'Sumatra Utara', 2),
(28, 'Kabupaten Humbang Hasundutan', 'Sumatra Utara', 2),
(29, 'Kabupaten Karo', 'Sumatra Utara', 2),
(30, 'Kabupaten Labuhanbatu', 'Sumatra Utara', 2),
(31, 'Kabupaten Labuhanbatu Selatan', 'Sumatra Utara', 2),
(32, 'Kabupaten Labuhanbatu Utara', 'Sumatra Utara', 2),
(33, 'Kabupaten Langkat', 'Sumatra Utara', 2),
(34, 'Kabupaten Mandailing Natal', 'Sumatra Utara', 2),
(35, 'Kabupaten Nias', 'Sumatra Utara', 2),
(36, 'Kabupaten Nias Barat', 'Sumatra Utara', 2),
(37, 'Kabupaten Nias Selatan', 'Sumatra Utara', 2),
(38, 'Kabupaten Nias Utara', 'Sumatra Utara', 2),
(39, 'Kabupaten Padang Lawas', 'Sumatra Utara', 2),
(40, 'Kabupaten Padang Lawas Utara', 'Sumatra Utara', 2),
(41, 'Kabupaten Pakpak Bharat', 'Sumatra Utara', 2),
(42, 'Kabupaten Samosir', 'Sumatra Utara', 2),
(43, 'Kabupaten Serdang Bedagai', 'Sumatra Utara', 2),
(44, 'Kabupaten Simalungun', 'Sumatra Utara', 2),
(45, 'Kabupaten Tapanuli Selatan', 'Sumatra Utara', 2),
(46, 'Kabupaten Tapanuli Tengah', 'Sumatra Utara', 2),
(47, 'Kabupaten Tapanuli Utara', 'Sumatra Utara', 2),
(48, 'Kabupaten Toba', 'Sumatra Utara', 2),
(49, 'Kota Binjai', 'Sumatra Utara', 2),
(50, 'Kota Gunungsitoli', 'Sumatra Utara', 2),
(51, 'Kota Medan', 'Sumatra Utara', 2),
(52, 'Kota Padangsidimpuan', 'Sumatra Utara', 2),
(53, 'Kota Pematangsiantar', 'Sumatra Utara', 2),
(54, 'Kota Sibolga', 'Sumatra Utara', 2),
(55, 'Kota Tanjungbalai', 'Sumatra Utara', 2),
(56, 'Kota Tebing Tinggi', 'Sumatra Utara', 2),
(57, 'Kabupaten Agam', 'Sumatra Barat', 4),
(58, 'Kabupaten Dharmasraya', 'Sumatra Barat', 4),
(59, 'Kabupaten Kepulauan Mentawai', 'Sumatra Barat', 4),
(60, 'Kabupaten Lima Puluh Kota', 'Sumatra Barat', 4),
(61, 'Kabupaten Padang Pariaman', 'Sumatra Barat', 4),
(62, 'Kabupaten Pasaman', 'Sumatra Barat', 4),
(63, 'Kabupaten Pasaman Barat', 'Sumatra Barat', 4),
(64, 'Kabupaten Pesisir Selatan', 'Sumatra Barat', 4),
(65, 'Kabupaten Sijunjung', 'Sumatra Barat', 4),
(66, 'Kabupaten Solok', 'Sumatra Barat', 4),
(67, 'Kabupaten Solok Selatan', 'Sumatra Barat', 4),
(68, 'Kabupaten Tanah Datar', 'Sumatra Barat', 4),
(69, 'Kota Bukittinggi', 'Sumatra Barat', 4),
(70, 'Kota Padang', 'Sumatra Barat', 4),
(71, 'Kota Padang Panjang', 'Sumatra Barat', 4),
(72, 'Kota Pariaman', 'Sumatra Barat', 4),
(73, 'Kota Payakumbuh', 'Sumatra Barat', 4),
(74, 'Kota Sawahlunto', 'Sumatra Barat', 4),
(75, 'Kota Solok', 'Sumatra Barat', 4),
(76, 'Kabupaten Bengkalis', 'Riau', 6),
(77, 'Kabupaten Indragiri Hilir', 'Riau', 6),
(78, 'Kabupaten Indragiri Hulu', 'Riau', 6),
(79, 'Kabupaten Kampar', 'Riau', 6),
(80, 'Kabupaten Kepulauan Meranti', 'Riau', 6),
(81, 'Kabupaten Kuantan Singingi', 'Riau', 6),
(82, 'Kabupaten Pelalawan', 'Riau', 6),
(83, 'Kabupaten Rokan Hilir', 'Riau', 6),
(84, 'Kabupaten Rokan Hulu', 'Riau', 6),
(85, 'Kabupaten Siak', 'Riau', 6),
(86, 'Kota Dumai', 'Riau', 6),
(87, 'Kota Pekanbaru', 'Riau', 6),
(88, 'Kabupaten Batanghari', 'Jambi', 8),
(89, 'Kabupaten Bungo', 'Jambi', 8),
(90, 'Kabupaten Kerinci', 'Jambi', 8),
(91, 'Kabupaten Merangin', 'Jambi', 8),
(92, 'Kabupaten Muaro Jambi', 'Jambi', 8),
(93, 'Kabupaten Sarolangun', 'Jambi', 8),
(94, 'Kabupaten Tanjung Jabung Barat', 'Jambi', 8),
(95, 'Kabupaten Tanjung Jabung Timur', 'Jambi', 8),
(96, 'Kabupaten Tebo', 'Jambi', 8),
(97, 'Kota Jambi', 'Jambi', 8),
(98, 'Kota Sungai Penuh', 'Jambi', 8),
(99, 'Kabupaten Banyuasin', 'Sumatra Selatan', 3),
(100, 'Kabupaten Empat Lawang', 'Sumatra Selatan', 3),
(101, 'Kabupaten Lahat', 'Sumatra Selatan', 3),
(102, 'Kabupaten Muara Enim', 'Sumatra Selatan', 3),
(103, 'Kabupaten Musi Banyuasin', 'Sumatra Selatan', 3),
(104, 'Kabupaten Musi Rawas', 'Sumatra Selatan', 3),
(105, 'Kabupaten Musi Rawas Utara', 'Sumatra Selatan', 3),
(106, 'Kabupaten Ogan Ilir', 'Sumatra Selatan', 3),
(107, 'Kabupaten Ogan Komering Ilir', 'Sumatra Selatan', 3),
(108, 'Kabupaten Ogan Komering Ulu', 'Sumatra Selatan', 3),
(109, 'Kabupaten Ogan Komering Ulu Selatan', 'Sumatra Selatan', 3),
(110, 'Kabupaten Ogan Komering Ulu Timur', 'Sumatra Selatan', 3),
(111, 'Kabupaten Penukal Abab Lematang Ilir', 'Sumatra Selatan', 3),
(112, 'Kota Lubuk Linggau', 'Sumatra Selatan', 3),
(113, 'Kota Pagaralam', 'Sumatra Selatan', 3),
(114, 'Kota Palembang', 'Sumatra Selatan', 3),
(115, 'Kota Prabumulih', 'Sumatra Selatan', 3),
(116, 'Kabupaten Bengkulu Selatan', 'Bengkulu', 5),
(117, 'Kabupaten Bengkulu Tengah', 'Bengkulu', 5),
(118, 'Kabupaten Bengkulu Utara', 'Bengkulu', 5),
(119, 'Kabupaten Kaur', 'Bengkulu', 5),
(120, 'Kabupaten Kepahiang', 'Bengkulu', 5),
(121, 'Kabupaten Lebong', 'Bengkulu', 5),
(122, 'Kabupaten Mukomuko', 'Bengkulu', 5),
(123, 'Kabupaten Rejang Lebong', 'Bengkulu', 5),
(124, 'Kabupaten Seluma', 'Bengkulu', 5),
(125, 'Kota Bengkulu', 'Bengkulu', 5),
(126, 'Kabupaten Lampung Barat', 'Lampung', 9),
(127, 'Kabupaten Lampung Selatan', 'Lampung', 9),
(128, 'Kabupaten Lampung Tengah', 'Lampung', 9),
(129, 'Kabupaten Lampung Timur', 'Lampung', 9),
(130, 'Kabupaten Lampung Utara', 'Lampung', 9),
(131, 'Kabupaten Mesuji', 'Lampung', 9),
(132, 'Kabupaten Pesawaran', 'Lampung', 9),
(133, 'Kabupaten Pesisir Barat', 'Lampung', 9),
(134, 'Kabupaten Pringsewu', 'Lampung', 9),
(135, 'Kabupaten Tanggamus', 'Lampung', 9),
(136, 'Kabupaten Tulang Bawang', 'Lampung', 9),
(137, 'Kabupaten Tulang Bawang Barat', 'Lampung', 9),
(138, 'Kabupaten Way Kanan', 'Lampung', 9),
(139, 'Kota Bandar Lampung', 'Lampung', 9),
(140, 'Kota Metro', 'Lampung', 9),
(141, 'Kabupaten Bangka', 'Bangka Belitung', 10),
(142, 'Kabupaten Bangka Barat', 'Bangka Belitung', 10),
(143, 'Kabupaten Bangka Selatan', 'Bangka Belitung', 10),
(144, 'Kabupaten Bangka Tengah', 'Bangka Belitung', 10),
(145, 'Kabupaten Belitung', 'Bangka Belitung', 10),
(146, 'Kabupaten Belitung Timur', 'Bangka Belitung', 10),
(147, 'Kota Pangkalpinang', 'Bangka Belitung', 10),
(148, 'Kabupaten Bintan', 'Kepulauan Riau', 7),
(149, 'Kabupaten Karimun', 'Kepulauan Riau', 7),
(150, 'Kabupaten Kepulauan Anambas', 'Kepulauan Riau', 7),
(151, 'Kabupaten Lingga', 'Kepulauan Riau', 7),
(152, 'Kabupaten Natuna', 'Kepulauan Riau', 7),
(153, 'Kota Batam', 'Kepulauan Riau', 7),
(154, 'Kota Tanjungpinang', 'Kepulauan Riau', 7),
(155, 'Kota Administrasi Jakarta Barat', 'DKI Jakarta', 17),
(156, 'Kota Administrasi Jakarta Pusat', 'DKI Jakarta', 17),
(157, 'Kota Administrasi Jakarta Selatan', 'DKI Jakarta', 17),
(158, 'Kota Administrasi Jakarta Timur', 'DKI Jakarta', 17),
(159, 'Kota Administrasi Jakarta Utara', 'DKI Jakarta', 17),
(160, 'Kabupaten Administrasi Kepulauan Seribu', 'DKI Jakarta', 17),
(161, 'Kabupaten Bandung', 'Jawa Barat', 18),
(162, 'Kabupaten Bandung Barat', 'Jawa Barat', 18),
(163, 'Kabupaten Bekasi', 'Jawa Barat', 18),
(164, 'Kabupaten Bogor', 'Jawa Barat', 18),
(165, 'Kabupaten Ciamis', 'Jawa Barat', 18),
(166, 'Kabupaten Cianjur', 'Jawa Barat', 18),
(167, 'Kabupaten Cirebon', 'Jawa Barat', 18),
(168, 'Kabupaten Garut', 'Jawa Barat', 18),
(169, 'Kabupaten Indramayu', 'Jawa Barat', 18),
(170, 'Kabupaten Karawang', 'Jawa Barat', 18),
(171, 'Kabupaten Kuningan', 'Jawa Barat', 18),
(172, 'Kabupaten Majalengka', 'Jawa Barat', 18),
(173, 'Kabupaten Pangandaran', 'Jawa Barat', 18),
(174, 'Kabupaten Purwakarta', 'Jawa Barat', 18),
(175, 'Kabupaten Subang', 'Jawa Barat', 18),
(176, 'Kabupaten Sukabumi', 'Jawa Barat', 18),
(177, 'Kabupaten Sumedang', 'Jawa Barat', 18),
(178, 'Kabupaten Tasikmalaya', 'Jawa Barat', 18),
(179, 'Kota Bandung', 'Jawa Barat', 18),
(180, 'Kota Banjar', 'Jawa Barat', 18),
(181, 'Kota Bekasi', 'Jawa Barat', 18),
(182, 'Kota Bogor', 'Jawa Barat', 18),
(183, 'Kota Cimahi', 'Jawa Barat', 18),
(184, 'Kota Cirebon', 'Jawa Barat', 18),
(185, 'Kota Depok', 'Jawa Barat', 18),
(186, 'Kota Sukabumi', 'Jawa Barat', 18),
(187, 'Kota Tasikmalaya', 'Jawa Barat', 18),
(188, 'Kabupaten Banjarnegara', 'Jawa Tengah', 19),
(189, 'Kabupaten Banyumas', 'Jawa Tengah', 19),
(190, 'Kabupaten Batang', 'Jawa Tengah', 19),
(191, 'Kabupaten Blora', 'Jawa Tengah', 19),
(192, 'Kabupaten Boyolali', 'Jawa Tengah', 19),
(193, 'Kabupaten Brebes', 'Jawa Tengah', 19),
(194, 'Kabupaten Cilacap', 'Jawa Tengah', 19),
(195, 'Kabupaten Demak', 'Jawa Tengah', 19),
(196, 'Kabupaten Grobogan', 'Jawa Tengah', 19),
(197, 'Kabupaten Jepara', 'Jawa Tengah', 19),
(198, 'Kabupaten Karanganyar', 'Jawa Tengah', 19),
(199, 'Kabupaten Kebumen', 'Jawa Tengah', 19),
(200, 'Kabupaten Kendal', 'Jawa Tengah', 19),
(201, 'Kabupaten Klaten', 'Jawa Tengah', 19),
(202, 'Kabupaten Kudus', 'Jawa Tengah', 19),
(203, 'Kabupaten Magelang', 'Jawa Tengah', 19),
(204, 'Kabupaten Pati', 'Jawa Tengah', 19),
(205, 'Kabupaten Pekalongan', 'Jawa Tengah', 19),
(206, 'Kabupaten Pemalang', 'Jawa Tengah', 19),
(207, 'Kabupaten Purbalingga', 'Jawa Tengah', 19),
(208, 'Kabupaten Purworejo', 'Jawa Tengah', 19),
(209, 'Kabupaten Rembang', 'Jawa Tengah', 19),
(210, 'Kabupaten Semarang', 'Jawa Tengah', 19),
(211, 'Kabupaten Sragen', 'Jawa Tengah', 19),
(212, 'Kabupaten Sukoharjo', 'Jawa Tengah', 19),
(213, 'Kabupaten Tegal', 'Jawa Tengah', 19),
(214, 'Kabupaten Temanggung', 'Jawa Tengah', 19),
(215, 'Kabupaten Wonogiri', 'Jawa Tengah', 19),
(216, 'Kabupaten Wonosobo', 'Jawa Tengah', 19),
(217, 'Kota Magelang', 'Jawa Tengah', 19),
(218, 'Kota Pekalongan', 'Jawa Tengah', 19),
(219, 'Kota Salatiga', 'Jawa Tengah', 19),
(220, 'Kota Semarang', 'Jawa Tengah', 19),
(221, 'Kota Surakarta', 'Jawa Tengah', 19),
(222, 'Kota Tegal', 'Jawa Tengah', 19),
(223, 'Kabupaten Bantul', 'Daerah Istimewa Yogyakarta', 20),
(224, 'Kabupaten Gunungkidul', 'Daerah Istimewa Yogyakarta', 20),
(225, 'Kabupaten Kulon Progo', 'Daerah Istimewa Yogyakarta', 20),
(226, 'Kabupaten Sleman', 'Daerah Istimewa Yogyakarta', 20),
(227, 'Kota Yogyakarta', 'Daerah Istimewa Yogyakarta', 20),
(228, 'Kabupaten Bangkalan', 'Jawa Timur', 21),
(229, 'Kabupaten Banyuwangi', 'Jawa Timur', 21),
(230, 'Kabupaten Blitar', 'Jawa Timur', 21),
(231, 'Kabupaten Bojonegoro', 'Jawa Timur', 21),
(232, 'Kabupaten Bondowoso', 'Jawa Timur', 21),
(233, 'Kabupaten Gresik', 'Jawa Timur', 21),
(234, 'Kabupaten Jember', 'Jawa Timur', 21),
(235, 'Kabupaten Jombang', 'Jawa Timur', 21),
(236, 'Kabupaten Kediri', 'Jawa Timur', 21),
(237, 'Kabupaten Lamongan', 'Jawa Timur', 21),
(238, 'Kabupaten Lumajang', 'Jawa Timur', 21),
(239, 'Kabupaten Madiun', 'Jawa Timur', 21),
(240, 'Kabupaten Magetan', 'Jawa Timur', 21),
(241, 'Kabupaten Malang', 'Jawa Timur', 21),
(242, 'Kabupaten Mojokerto', 'Jawa Timur', 21),
(243, 'Kabupaten Nganjuk', 'Jawa Timur', 21),
(244, 'Kabupaten Ngawi', 'Jawa Timur', 21),
(245, 'Kabupaten Pacitan', 'Jawa Timur', 21),
(246, 'Kabupaten Pamekasan', 'Jawa Timur', 21),
(247, 'Kabupaten Pasuruan', 'Jawa Timur', 21),
(248, 'Kabupaten Ponorogo', 'Jawa Timur', 21),
(249, 'Kabupaten Probolinggo', 'Jawa Timur', 21),
(250, 'Kabupaten Sampang', 'Jawa Timur', 21),
(251, 'Kabupaten Sidoarjo', 'Jawa Timur', 21),
(252, 'Kabupaten Situbondo', 'Jawa Timur', 21),
(253, 'Kabupaten Sumenep', 'Jawa Timur', 21),
(254, 'Kabupaten Trenggalek', 'Jawa Timur', 21),
(255, 'Kabupaten Tuban', 'Jawa Timur', 21),
(256, 'Kabupaten Tulungagung', 'Jawa Timur', 21),
(257, 'Kota Batu', 'Jawa Timur', 21),
(258, 'Kota Blitar', 'Jawa Timur', 21),
(259, 'Kota Kediri', 'Jawa Timur', 21),
(260, 'Kota Madiun', 'Jawa Timur', 21),
(261, 'Kota Malang', 'Jawa Timur', 21),
(262, 'Kota Mojokerto', 'Jawa Timur', 21),
(263, 'Kota Pasuruan', 'Jawa Timur', 21),
(264, 'Kota Probolinggo', 'Jawa Timur', 21),
(265, 'Kota Surabaya', 'Jawa Timur', 21),
(266, 'Kabupaten Lebak', 'Banten', 16),
(267, 'Kabupaten Pandeglang', 'Banten', 16),
(268, 'Kabupaten Serang', 'Banten', 16),
(269, 'Kabupaten Tangerang', 'Banten', 16),
(270, 'Kota Cilegon', 'Banten', 16),
(271, 'Kota Serang', 'Banten', 16),
(272, 'Kota Tangerang', 'Banten', 16),
(273, 'Kota Tangerang Selatan', 'Banten', 16),
(274, 'Kabupaten Badung', 'Bali', 22),
(275, 'Kabupaten Bangli', 'Bali', 22),
(276, 'Kabupaten Buleleng', 'Bali', 22),
(277, 'Kabupaten Gianyar', 'Bali', 22),
(278, 'Kabupaten Jembrana', 'Bali', 22),
(279, 'Kabupaten Karangasem', 'Bali', 22),
(280, 'Kabupaten Klungkung', 'Bali', 22),
(281, 'Kabupaten Tabanan', 'Bali', 22),
(282, 'Kota Denpasar', 'Bali', 22),
(283, 'Kabupaten Bima', 'Nusa Tenggara Barat', 24),
(284, 'Kabupaten Dompu', 'Nusa Tenggara Barat', 24),
(285, 'Kabupaten Lombok Barat', 'Nusa Tenggara Barat', 24),
(286, 'Kabupaten Lombok Tengah', 'Nusa Tenggara Barat', 24),
(287, 'Kabupaten Lombok Timur', 'Nusa Tenggara Barat', 24),
(288, 'Kabupaten Lombok Utara', 'Nusa Tenggara Barat', 24),
(289, 'Kabupaten Sumbawa', 'Nusa Tenggara Barat', 24),
(290, 'Kabupaten Sumbawa Barat', 'Nusa Tenggara Barat', 24),
(291, 'Kota Bima', 'Nusa Tenggara Barat', 24),
(292, 'Kota Mataram', 'Nusa Tenggara Barat', 24),
(293, 'Kabupaten Alor', 'Nusa Tenggara Timur', 23),
(294, 'Kabupaten Belu', 'Nusa Tenggara Timur', 23),
(295, 'Kabupaten Ende', 'Nusa Tenggara Timur', 23),
(296, 'Kabupaten Flores Timur', 'Nusa Tenggara Timur', 23),
(297, 'Kabupaten Kupang', 'Nusa Tenggara Timur', 23),
(298, 'Kabupaten Lembata', 'Nusa Tenggara Timur', 23),
(299, 'Kabupaten Malaka', 'Nusa Tenggara Timur', 23),
(300, 'Kabupaten Manggarai', 'Nusa Tenggara Timur', 23),
(301, 'Kabupaten Manggarai Barat', 'Nusa Tenggara Timur', 23),
(302, 'Kabupaten Manggarai Timur', 'Nusa Tenggara Timur', 23),
(303, 'Kabupaten Nagekeo', 'Nusa Tenggara Timur', 23),
(304, 'Kabupaten Ngada', 'Nusa Tenggara Timur', 23),
(305, 'Kabupaten Rote Ndao', 'Nusa Tenggara Timur', 23),
(306, 'Kabupaten Sabu Raijua', 'Nusa Tenggara Timur', 23),
(307, 'Kabupaten Sikka', 'Nusa Tenggara Timur', 23),
(308, 'Kabupaten Sumba Barat', 'Nusa Tenggara Timur', 23),
(309, 'Kabupaten Sumba Barat Daya', 'Nusa Tenggara Timur', 23),
(310, 'Kabupaten Sumba Tengah', 'Nusa Tenggara Timur', 23),
(311, 'Kabupaten Sumba Timur', 'Nusa Tenggara Timur', 23),
(312, 'Kabupaten Timor Tengah Selatan', 'Nusa Tenggara Timur', 23),
(313, 'Kabupaten Timor Tengah Utara', 'Nusa Tenggara Timur', 23),
(314, 'Kota Kupang', 'Nusa Tenggara Timur', 23),
(315, 'Kabupaten Bengkayang', 'Kalimantan Barat', 11),
(316, 'Kabupaten Kapuas Hulu', 'Kalimantan Barat', 11),
(317, 'Kabupaten Kayong Utara', 'Kalimantan Barat', 11),
(318, 'Kabupaten Ketapang', 'Kalimantan Barat', 11),
(319, 'Kabupaten Kubu Raya', 'Kalimantan Barat', 11),
(320, 'Kabupaten Landak', 'Kalimantan Barat', 11),
(321, 'Kabupaten Melawi', 'Kalimantan Barat', 11),
(322, 'Kabupaten Mempawah', 'Kalimantan Barat', 11),
(323, 'Kabupaten Sambas', 'Kalimantan Barat', 11),
(324, 'Kabupaten Sanggau', 'Kalimantan Barat', 11),
(325, 'Kabupaten Sekadau', 'Kalimantan Barat', 11),
(326, 'Kabupaten Sintang', 'Kalimantan Barat', 11),
(327, 'Kota Pontianak', 'Kalimantan Barat', 11),
(328, 'Kota Singkawang', 'Kalimantan Barat', 11),
(329, 'Kabupaten Barito Selatan', 'Kalimantan Tengah', 14),
(330, 'Kabupaten Barito Timur', 'Kalimantan Tengah', 14),
(331, 'Kabupaten Barito Utara', 'Kalimantan Tengah', 14),
(332, 'Kabupaten Gunung Mas', 'Kalimantan Tengah', 14),
(333, 'Kabupaten Kapuas', 'Kalimantan Tengah', 14),
(334, 'Kabupaten Katingan', 'Kalimantan Tengah', 14),
(335, 'Kabupaten Kotawaringin Barat', 'Kalimantan Tengah', 14),
(336, 'Kabupaten Kotawaringin Timur', 'Kalimantan Tengah', 14),
(337, 'Kabupaten Lamandau', 'Kalimantan Tengah', 14),
(338, 'Kabupaten Murung Raya', 'Kalimantan Tengah', 14),
(339, 'Kabupaten Pulang Pisau', 'Kalimantan Tengah', 14),
(340, 'Kabupaten Seruyan', 'Kalimantan Tengah', 14),
(341, 'Kabupaten Sukamara', 'Kalimantan Tengah', 14),
(342, 'Kota Palangka Raya', 'Kalimantan Tengah', 14),
(343, 'Kabupaten Balangan', 'Kalimantan Selatan', 13),
(344, 'Kabupaten Banjar', 'Kalimantan Selatan', 13),
(345, 'Kabupaten Barito Kuala', 'Kalimantan Selatan', 13),
(346, 'Kabupaten Hulu Sungai Selatan', 'Kalimantan Selatan', 13),
(347, 'Kabupaten Hulu Sungai Tengah', 'Kalimantan Selatan', 13),
(348, 'Kabupaten Hulu Sungai Utara', 'Kalimantan Selatan', 13),
(349, 'Kabupaten Kotabaru', 'Kalimantan Selatan', 13),
(350, 'Kabupaten Tabalong', 'Kalimantan Selatan', 13),
(351, 'Kabupaten Tanah Bumbu', 'Kalimantan Selatan', 13),
(352, 'Kabupaten Tanah Laut', 'Kalimantan Selatan', 13),
(353, 'Kabupaten Tapin', 'Kalimantan Selatan', 13),
(354, 'Kota Banjarbaru', 'Kalimantan Selatan', 13),
(355, 'Kota Banjarmasin', 'Kalimantan Selatan', 13),
(356, 'Kabupaten Berau', 'Kalimantan Timur', 12),
(357, 'Kabupaten Kutai Barat', 'Kalimantan Timur', 12),
(358, 'Kabupaten Kutai Kartanegara', 'Kalimantan Timur', 12),
(359, 'Kabupaten Kutai Timur', 'Kalimantan Timur', 12),
(360, 'Kabupaten Mahakam Ulu', 'Kalimantan Timur', 12),
(361, 'Kabupaten Paser', 'Kalimantan Timur', 12),
(362, 'Kabupaten Penajam Paser Utara', 'Kalimantan Timur', 12),
(363, 'Kota Balikpapan', 'Kalimantan Timur', 12),
(364, 'Kota Bontang', 'Kalimantan Timur', 12),
(365, 'Kota Samarinda', 'Kalimantan Timur', 12),
(366, 'Kabupaten Bulungan', 'Kalimantan Utara', 15),
(367, 'Kabupaten Malinau', 'Kalimantan Utara', 15),
(368, 'Kabupaten Nunukan', 'Kalimantan Utara', 15),
(369, 'Kabupaten Tana Tidung', 'Kalimantan Utara', 15),
(370, 'Kota Tarakan', 'Kalimantan Utara', 15),
(371, 'Kabupaten Bolaang Mongondow', 'Sulawesi Utara', 28),
(372, 'Kabupaten Bolaang Mongondow Selatan', 'Sulawesi Utara', 28),
(373, 'Kabupaten Bolaang Mongondow Timur', 'Sulawesi Utara', 28),
(374, 'Kabupaten Bolaang Mongondow Utara', 'Sulawesi Utara', 28),
(375, 'Kabupaten Kepulauan Sangihe', 'Sulawesi Utara', 28),
(376, 'Kabupaten Kepulauan Siau Tagulandang Biaro', 'Sulawesi Utara', 28),
(377, 'Kabupaten Kepulauan Talaud', 'Sulawesi Utara', 28),
(378, 'Kabupaten Minahasa', 'Sulawesi Utara', 28),
(379, 'Kabupaten Minahasa Selatan', 'Sulawesi Utara', 28),
(380, 'Kabupaten Minahasa Tenggara', 'Sulawesi Utara', 28),
(381, 'Kabupaten Minahasa Utara', 'Sulawesi Utara', 28),
(382, 'Kota Bitung', 'Sulawesi Utara', 28),
(383, 'Kota Kotamobagu', 'Sulawesi Utara', 28),
(384, 'Kota Manado', 'Sulawesi Utara', 28),
(385, 'Kota Tomohon', 'Sulawesi Utara', 28),
(386, 'Kabupaten Banggai', 'Sulawesi Tengah', 27),
(387, 'Kabupaten Banggai Kepulauan', 'Sulawesi Tengah', 27),
(388, 'Kabupaten Banggai Laut', 'Sulawesi Tengah', 27),
(389, 'Kabupaten Buol', 'Sulawesi Tengah', 27),
(390, 'Kabupaten Donggala', 'Sulawesi Tengah', 27),
(391, 'Kabupaten Morowali', 'Sulawesi Tengah', 27),
(392, 'Kabupaten Morowali Utara', 'Sulawesi Tengah', 27),
(393, 'Kabupaten Parigi Moutong', 'Sulawesi Tengah', 27),
(394, 'Kabupaten Poso', 'Sulawesi Tengah', 27),
(395, 'Kabupaten Sigi', 'Sulawesi Tengah', 27),
(396, 'Kabupaten Tojo Una-Una', 'Sulawesi Tengah', 27),
(397, 'Kabupaten Tolitoli', 'Sulawesi Tengah', 27),
(398, 'Kota Palu', 'Sulawesi Tengah', 27),
(399, 'Kabupaten Bantaeng', 'Sulawesi Selatan', 30),
(400, 'Kabupaten Barru', 'Sulawesi Selatan', 30),
(401, 'Kabupaten Bone', 'Sulawesi Selatan', 30),
(402, 'Kabupaten Bulukumba', 'Sulawesi Selatan', 30),
(403, 'Kabupaten Enrekang', 'Sulawesi Selatan', 30),
(404, 'Kabupaten Gowa', 'Sulawesi Selatan', 30),
(405, 'Kabupaten Jeneponto', 'Sulawesi Selatan', 30),
(406, 'Kabupaten Kepulauan Selayar', 'Sulawesi Selatan', 30),
(407, 'Kabupaten Luwu', 'Sulawesi Selatan', 30),
(408, 'Kabupaten Luwu Timur', 'Sulawesi Selatan', 30),
(409, 'Kabupaten Luwu Utara', 'Sulawesi Selatan', 30),
(410, 'Kabupaten Maros', 'Sulawesi Selatan', 30),
(411, 'Kabupaten Pangkajene dan Kepulauan', 'Sulawesi Selatan', 30),
(412, 'Kabupaten Pinrang', 'Sulawesi Selatan', 30),
(413, 'Kabupaten Sidenreng Rappang', 'Sulawesi Selatan', 30),
(414, 'Kabupaten Sinjai', 'Sulawesi Selatan', 30),
(415, 'Kabupaten Soppeng', 'Sulawesi Selatan', 30),
(416, 'Kabupaten Takalar', 'Sulawesi Selatan', 30),
(417, 'Kabupaten Tana Toraja', 'Sulawesi Selatan', 30),
(418, 'Kabupaten Toraja Utara', 'Sulawesi Selatan', 30),
(419, 'Kabupaten Wajo', 'Sulawesi Selatan', 30),
(420, 'Kota Makassar', 'Sulawesi Selatan', 30),
(421, 'Kota Palopo', 'Sulawesi Selatan', 30),
(422, 'Kota Parepare', 'Sulawesi Selatan', 30),
(423, 'Kabupaten Bombana', 'Sulawesi Tenggara', 29),
(424, 'Kabupaten Buton', 'Sulawesi Tenggara', 29),
(425, 'Kabupaten Buton Selatan', 'Sulawesi Tenggara', 29),
(426, 'Kabupaten Buton Tengah', 'Sulawesi Tenggara', 29),
(427, 'Kabupaten Buton Utara', 'Sulawesi Tenggara', 29),
(428, 'Kabupaten Kolaka', 'Sulawesi Tenggara', 29),
(429, 'Kabupaten Kolaka Timur', 'Sulawesi Tenggara', 29),
(430, 'Kabupaten Kolaka Utara', 'Sulawesi Tenggara', 29),
(431, 'Kabupaten Konawe', 'Sulawesi Tenggara', 29),
(432, 'Kabupaten Konawe Kepulauan', 'Sulawesi Tenggara', 29),
(433, 'Kabupaten Konawe Selatan', 'Sulawesi Tenggara', 29),
(434, 'Kabupaten Konawe Utara', 'Sulawesi Tenggara', 29),
(435, 'Kabupaten Muna', 'Sulawesi Tenggara', 29),
(436, 'Kabupaten Muna Barat', 'Sulawesi Tenggara', 29),
(437, 'Kabupaten Wakatobi', 'Sulawesi Tenggara', 29),
(438, 'Kota Baubau', 'Sulawesi Tenggara', 29),
(439, 'Kota Kendari', 'Sulawesi Tenggara', 29),
(440, 'Kabupaten Boalemo', 'Gorontalo', 25),
(441, 'Kabupaten Bone Bolango', 'Gorontalo', 25),
(442, 'Kabupaten Gorontalo', 'Gorontalo', 25),
(443, 'Kabupaten Gorontalo Utara', 'Gorontalo', 25),
(444, 'Kabupaten Pohuwato', 'Gorontalo', 25),
(445, 'Kota Gorontalo', 'Gorontalo', 25),
(446, 'Kabupaten Majene', 'Sulawesi Barat', 26),
(447, 'Kabupaten Mamasa', 'Sulawesi Barat', 26),
(448, 'Kabupaten Mamuju', 'Sulawesi Barat', 26),
(449, 'Kabupaten Mamuju Tengah', 'Sulawesi Barat', 26),
(450, 'Kabupaten Pasangkayu', 'Sulawesi Barat', 26),
(451, 'Kabupaten Polewali Mandar', 'Sulawesi Barat', 26),
(452, 'Kabupaten Buru', 'Maluku', 32),
(453, 'Kabupaten Buru Selatan', 'Maluku', 32),
(454, 'Kabupaten Kepulauan Aru', 'Maluku', 32),
(455, 'Kabupaten Kepulauan Tanimbar', 'Maluku', 32),
(456, 'Kabupaten Maluku Barat Daya', 'Maluku', 32),
(457, 'Kabupaten Maluku Tengah', 'Maluku', 32),
(458, 'Kabupaten Maluku Tenggara', 'Maluku', 32),
(459, 'Kabupaten Seram Bagian Barat', 'Maluku', 32),
(460, 'Kabupaten Seram Bagian Timur', 'Maluku', 32),
(461, 'Kota Ambon', 'Maluku', 32),
(462, 'Kota Tual', 'Maluku', 32),
(463, 'Kabupaten Halmahera Barat', 'Maluku Utara', 31),
(464, 'Kabupaten Halmahera Selatan', 'Maluku Utara', 31),
(465, 'Kabupaten Halmahera Tengah', 'Maluku Utara', 31),
(466, 'Kabupaten Halmahera Timur', 'Maluku Utara', 31),
(467, 'Kabupaten Halmahera Utara', 'Maluku Utara', 31),
(468, 'Kabupaten Kepulauan Sula', 'Maluku Utara', 31),
(469, 'Kabupaten Pulau Morotai', 'Maluku Utara', 31),
(470, 'Kabupaten Pulau Taliabu', 'Maluku Utara', 31),
(471, 'Kota Ternate', 'Maluku Utara', 31),
(472, 'Kota Tidore Kepulauan', 'Maluku Utara', 31),
(473, 'Kabupaten Biak Numfor', 'Papua', 34),
(474, 'Kabupaten Jayapura', 'Papua', 34),
(475, 'Kabupaten Keerom', 'Papua', 34),
(476, 'Kabupaten Kepulauan Yapen', 'Papua', 34),
(477, 'Kabupaten Mamberamo Raya', 'Papua', 34),
(478, 'Kabupaten Sarmi', 'Papua', 34),
(479, 'Kabupaten Supiori', 'Papua', 34),
(480, 'Kabupaten Waropen', 'Papua', 34),
(481, 'Kota Jayapura', 'Papua', 34),
(482, 'Kabupaten Fakfak', 'Papua Barat', 33),
(483, 'Kabupaten Kaimana', 'Papua Barat', 33),
(484, 'Kabupaten Manokwari', 'Papua Barat', 33),
(485, 'Kabupaten Manokwari Selatan', 'Papua Barat', 33),
(486, 'Kabupaten Pegunungan Arfak', 'Papua Barat', 33),
(487, 'Kabupaten Teluk Bintuni', 'Papua Barat', 33),
(488, 'Kabupaten Teluk Wondama', 'Papua Barat', 33),
(489, 'Kabupaten Asmat', 'Papua Selatan', 37),
(490, 'Kabupaten Boven Digoel', 'Papua Selatan', 37),
(491, 'Kabupaten Mappi', 'Papua Selatan', 37),
(492, 'Kabupaten Merauke', 'Papua Selatan', 37),
(493, 'Kabupaten Deiyai', 'Papua Tengah', 35),
(494, 'Kabupaten Dogiyai', 'Papua Tengah', 35),
(495, 'Kabupaten Intan Jaya', 'Papua Tengah', 35),
(496, 'Kabupaten Mimika', 'Papua Tengah', 35),
(497, 'Kabupaten Nabire', 'Papua Tengah', 35),
(498, 'Kabupaten Paniai', 'Papua Tengah', 35),
(499, 'Kabupaten Puncak', 'Papua Tengah', 35),
(500, 'Kabupaten Puncak Jaya', 'Papua Tengah', 35),
(501, 'Kabupaten Jayawijaya', 'Papua Pegunungan', 36),
(502, 'Kabupaten Lanny Jaya', 'Papua Pegunungan', 36),
(503, 'Kabupaten Mamberamo Tengah', 'Papua Pegunungan', 36),
(504, 'Kabupaten Nduga', 'Papua Pegunungan', 36),
(505, 'Kabupaten Pegunungan Bintang', 'Papua Pegunungan', 36),
(506, 'Kabupaten Tolikara', 'Papua Pegunungan', 36),
(507, 'Kabupaten Yalimo', 'Papua Pegunungan', 36),
(508, 'Kabupaten Yahukimo', 'Papua Pegunungan', 36),
(509, 'Kabupaten Maybrat', 'Papua Barat Daya', 38),
(510, 'Kabupaten Raja Ampat', 'Papua Barat Daya', 38),
(511, 'Kabupaten Sorong', 'Papua Barat Daya', 38),
(512, 'Kabupaten Sorong Selatan', 'Papua Barat Daya', 38),
(513, 'Kabupaten Tambrauw', 'Papua Barat Daya', 38),
(514, 'Kota Sorong', 'Papua Barat Daya', 38);

-- --------------------------------------------------------

--
-- Table structure for table `kategori_asuransi`
--

DROP TABLE IF EXISTS `kategori_asuransi`;
CREATE TABLE IF NOT EXISTS `kategori_asuransi` (
  `id_kategori` int(11) NOT NULL AUTO_INCREMENT,
  `nama_kategori` varchar(50) NOT NULL,
  PRIMARY KEY (`id_kategori`)
) ENGINE=InnoDB AUTO_INCREMENT=3 DEFAULT CHARSET=utf8mb4 COLLATE=utf8mb4_general_ci;

--
-- Dumping data for table `kategori_asuransi`
--

INSERT INTO `kategori_asuransi` (`id_kategori`, `nama_kategori`) VALUES
(1, 'Travel Insurance'),
(2, 'Car Insurance');

-- --------------------------------------------------------

--
-- Table structure for table `pembayaran_asuransi`
--

DROP TABLE IF EXISTS `pembayaran_asuransi`;
CREATE TABLE IF NOT EXISTS `pembayaran_asuransi` (
  `id_pembayaran` int(11) NOT NULL AUTO_INCREMENT,
  `id_user` int(11) NOT NULL,
  `id_pembelian` int(11) NOT NULL,
  `timestamp` timestamp NOT NULL DEFAULT current_timestamp() ON UPDATE current_timestamp(),
  `total_bayar` float NOT NULL,
  `pajak` float NOT NULL,
  `jenis_pembayaran` int(11) NOT NULL,
  `nomor_kartu` varchar(16) DEFAULT NULL,
  `nomor_rekening` varchar(20) DEFAULT NULL,
  `nomor_telepon` varchar(13) DEFAULT NULL,
  PRIMARY KEY (`id_pembayaran`)
) ENGINE=InnoDB AUTO_INCREMENT=6 DEFAULT CHARSET=utf8mb4 COLLATE=utf8mb4_general_ci;

--
-- Dumping data for table `pembayaran_asuransi`
--

INSERT INTO `pembayaran_asuransi` (`id_pembayaran`, `id_user`, `id_pembelian`, `timestamp`, `total_bayar`, `pajak`, `jenis_pembayaran`, `nomor_kartu`, `nomor_rekening`, `nomor_telepon`) VALUES
(1, 1, 1, '2024-06-04 05:20:46', 47500, 5225, 3, NULL, NULL, '081111111111'),
(2, 1, 3, '2024-06-04 06:48:14', 85000, 9350, 2, NULL, '1234567890', NULL),
(3, 1, 2, '2024-06-04 05:21:04', 675000, 74250, 3, NULL, NULL, '085512341234'),
(4, 1, 5, '2024-06-04 06:48:36', 45000, 4950, 3, NULL, NULL, '081111111111'),
(5, 1, 6, '2024-06-04 17:18:10', 47500, 5225, 3, NULL, NULL, '081111111111');

-- --------------------------------------------------------

--
-- Table structure for table `pembelian_asuransi`
--

DROP TABLE IF EXISTS `pembelian_asuransi`;
CREATE TABLE IF NOT EXISTS `pembelian_asuransi` (
  `id_pembelian` int(11) NOT NULL AUTO_INCREMENT,
  `id_user` int(11) NOT NULL,
  `id_booking` int(11) DEFAULT NULL,
  `id_kategori` int(11) NOT NULL,
  `id_tipe_asuransi` int(11) NOT NULL,
  `jumlah_orang` int(11) NOT NULL,
  `jumlah_hari` int(11) NOT NULL,
  `start_date` date DEFAULT NULL,
  `end_date` date DEFAULT NULL,
  `total_bayar` int(11) NOT NULL,
  `timestamp` timestamp NOT NULL DEFAULT current_timestamp() ON UPDATE current_timestamp(),
  `status_pembayaran` int(11) NOT NULL,
  PRIMARY KEY (`id_pembelian`)
) ENGINE=InnoDB AUTO_INCREMENT=7 DEFAULT CHARSET=utf8mb4 COLLATE=utf8mb4_general_ci;

--
-- Dumping data for table `pembelian_asuransi`
--

INSERT INTO `pembelian_asuransi` (`id_pembelian`, `id_user`, `id_booking`, `id_kategori`, `id_tipe_asuransi`, `jumlah_orang`, `jumlah_hari`, `start_date`, `end_date`, `total_bayar`, `timestamp`, `status_pembayaran`) VALUES
(1, 1, NULL, 1, 1, 1, 3, '2024-06-07', '2024-06-09', 47500, '2024-06-04 05:17:09', 1),
(2, 1, NULL, 1, 45, 3, 10, '2024-08-01', '2024-08-10', 675000, '2024-06-04 05:17:32', 1),
(3, 1, NULL, 2, 2, 2, 7, '2024-06-10', '2024-06-16', 85000, '2024-06-04 06:47:05', 1),
(4, 1, NULL, 1, 15, 1, 6, '2024-10-13', '2024-10-18', 360000, '2024-06-04 05:19:02', 0),
(5, 1, NULL, 2, 21, 3, 3, '2024-06-07', '2024-06-09', 45000, '2024-06-04 06:46:38', 1),
(6, 1, NULL, 1, 1, 1, 3, '2024-06-05', '2024-06-07', 47500, '2024-06-04 17:17:43', 1);

-- --------------------------------------------------------

--
-- Table structure for table `travel_insurance`
--

DROP TABLE IF EXISTS `travel_insurance`;
CREATE TABLE IF NOT EXISTS `travel_insurance` (
  `id_travel` int(11) NOT NULL AUTO_INCREMENT,
  `wilayah` int(1) NOT NULL,
  `negara` varchar(50) NOT NULL,
  `1-4` int(11) NOT NULL,
  `5-6` int(11) NOT NULL,
  `7-8` int(11) NOT NULL,
  `9-10` int(11) NOT NULL,
  `11-15` int(11) NOT NULL,
  `16-20` int(11) NOT NULL,
  `21-25` int(11) NOT NULL,
  `26-30` int(11) NOT NULL,
  `366` int(11) NOT NULL,
  PRIMARY KEY (`id_travel`)
) ENGINE=InnoDB AUTO_INCREMENT=227 DEFAULT CHARSET=utf8mb4 COLLATE=utf8mb4_general_ci;

--
-- Dumping data for table `travel_insurance`
--

INSERT INTO `travel_insurance` (`id_travel`, `wilayah`, `negara`, `1-4`, `5-6`, `7-8`, `9-10`, `11-15`, `16-20`, `21-25`, `26-30`, `366`) VALUES
(1, 1, 'Indonesia', 47500, 55000, 75000, 90000, 125000, 175000, 215000, 255000, 1250000),
(2, 2, 'Afganistan', 115000, 133500, 185000, 225000, 305000, 425000, 520000, 650000, 1250000),
(3, 2, 'Albania', 115000, 133500, 185000, 225000, 305000, 425000, 520000, 650000, 1250000),
(4, 2, 'Algeria', 115000, 133500, 185000, 225000, 305000, 425000, 520000, 650000, 1250000),
(5, 2, 'American Samoa', 115000, 133500, 185000, 225000, 305000, 425000, 520000, 650000, 1250000),
(6, 2, 'Andorra', 115000, 133500, 185000, 225000, 305000, 425000, 520000, 650000, 1250000),
(7, 2, 'Angola', 115000, 133500, 185000, 225000, 305000, 425000, 520000, 650000, 1250000),
(8, 2, 'Anguilla', 115000, 133500, 185000, 225000, 305000, 425000, 520000, 650000, 1250000),
(9, 2, 'Antarctica', 115000, 133500, 185000, 225000, 305000, 425000, 520000, 650000, 1250000),
(10, 2, 'Antigua and Barbuda', 115000, 133500, 185000, 225000, 305000, 425000, 520000, 650000, 1250000),
(11, 2, 'Argentina', 115000, 133500, 185000, 225000, 305000, 425000, 520000, 650000, 1250000),
(12, 2, 'Armenia', 115000, 133500, 185000, 225000, 305000, 425000, 520000, 650000, 1250000),
(13, 2, 'Aruba', 115000, 133500, 185000, 225000, 305000, 425000, 520000, 650000, 1250000),
(14, 2, 'Australia', 115000, 133500, 185000, 225000, 305000, 425000, 520000, 650000, 1250000),
(15, 2, 'Austria', 187500, 360000, 502500, 637500, 712500, 928500, 1062000, 1192500, 1250000),
(16, 2, 'Azerbaijan', 115000, 133500, 185000, 225000, 305000, 425000, 520000, 650000, 1250000),
(17, 2, 'Bahamas', 115000, 133500, 185000, 225000, 305000, 425000, 520000, 650000, 1250000),
(18, 2, 'Bahrain', 115000, 133500, 185000, 225000, 305000, 425000, 520000, 650000, 1250000),
(19, 2, 'Bangladesh', 115000, 133500, 185000, 225000, 305000, 425000, 520000, 650000, 1250000),
(20, 2, 'Barbadoos', 115000, 133500, 185000, 225000, 305000, 425000, 520000, 650000, 1250000),
(21, 2, 'Belarus', 115000, 133500, 185000, 225000, 305000, 425000, 520000, 650000, 1250000),
(22, 2, 'Belgium', 187500, 360000, 502500, 637500, 712500, 928500, 1062000, 1192500, 1250000),
(23, 2, 'Belize', 115000, 133500, 185000, 225000, 305000, 425000, 520000, 650000, 1250000),
(24, 2, 'Benin', 115000, 133500, 185000, 225000, 305000, 425000, 520000, 650000, 1250000),
(25, 2, 'Bermuda', 115000, 133500, 185000, 225000, 305000, 425000, 520000, 650000, 1250000),
(26, 2, 'Bhutan', 115000, 133500, 185000, 225000, 305000, 425000, 520000, 650000, 1250000),
(27, 2, 'Bolivia', 115000, 133500, 185000, 225000, 305000, 425000, 520000, 650000, 1250000),
(28, 2, 'Bosnia and Herzegovina', 115000, 133500, 185000, 225000, 305000, 425000, 520000, 650000, 1250000),
(29, 2, 'Botswana', 115000, 133500, 185000, 225000, 305000, 425000, 520000, 650000, 1250000),
(30, 2, 'Bouvet Island', 115000, 133500, 185000, 225000, 305000, 425000, 520000, 650000, 1250000),
(31, 2, 'Brazil', 115000, 133500, 185000, 225000, 305000, 425000, 520000, 650000, 1250000),
(32, 2, 'British Indian Ocean Territory', 115000, 133500, 185000, 225000, 305000, 425000, 520000, 650000, 1250000),
(33, 2, 'British Virgin Island', 115000, 133500, 185000, 225000, 305000, 425000, 520000, 650000, 1250000),
(34, 2, 'Brunei', 115000, 133500, 185000, 225000, 305000, 425000, 520000, 650000, 1250000),
(35, 2, 'Bulgaria', 115000, 133500, 185000, 225000, 305000, 425000, 520000, 650000, 1250000),
(36, 2, 'Burkina Faso', 115000, 133500, 185000, 225000, 305000, 425000, 520000, 650000, 1250000),
(37, 2, 'Burundi', 115000, 133500, 185000, 225000, 305000, 425000, 520000, 650000, 1250000),
(38, 2, 'Cambodia', 115000, 133500, 185000, 225000, 305000, 425000, 520000, 650000, 1250000),
(39, 2, 'Cameroon', 115000, 133500, 185000, 225000, 305000, 425000, 520000, 650000, 1250000),
(40, 2, 'Canada', 115000, 133500, 185000, 225000, 305000, 425000, 520000, 650000, 1250000),
(41, 2, 'Cape Verde', 115000, 133500, 185000, 225000, 305000, 425000, 520000, 650000, 1250000),
(42, 2, 'Central African Republic', 115000, 133500, 185000, 225000, 305000, 425000, 520000, 650000, 1250000),
(43, 2, 'Chad', 115000, 133500, 185000, 225000, 305000, 425000, 520000, 650000, 1250000),
(44, 2, 'Chile', 115000, 133500, 185000, 225000, 305000, 425000, 520000, 650000, 1250000),
(45, 2, 'China', 115000, 133500, 185000, 225000, 305000, 425000, 520000, 650000, 1250000),
(46, 2, 'Christmas Island', 115000, 133500, 185000, 225000, 305000, 425000, 520000, 650000, 1250000),
(47, 2, 'Colombia', 115000, 133500, 185000, 225000, 305000, 425000, 520000, 650000, 1250000),
(48, 2, 'Comoros', 115000, 133500, 185000, 225000, 305000, 425000, 520000, 650000, 1250000),
(49, 2, 'Congo Democratic Republic', 115000, 133500, 185000, 225000, 305000, 425000, 520000, 650000, 1250000),
(50, 2, 'Congo Republic', 115000, 133500, 185000, 225000, 305000, 425000, 520000, 650000, 1250000),
(51, 2, 'Cook Islands', 115000, 133500, 185000, 225000, 305000, 425000, 520000, 650000, 1250000),
(52, 2, 'Costa Rica', 115000, 133500, 185000, 225000, 305000, 425000, 520000, 650000, 1250000),
(53, 2, 'Croatia', 187500, 360000, 502500, 637500, 712500, 928500, 1062000, 1192500, 1250000),
(54, 2, 'Cyprus', 115000, 133500, 185000, 225000, 305000, 425000, 520000, 650000, 1250000),
(55, 2, 'Czech Republic', 187500, 360000, 502500, 637500, 712500, 928500, 1062000, 1192500, 1250000),
(56, 2, 'Denmark', 187500, 360000, 502500, 637500, 712500, 928500, 1062000, 1192500, 1250000),
(57, 2, 'Djibouti', 115000, 133500, 185000, 225000, 305000, 425000, 520000, 650000, 1250000),
(58, 2, 'Dominica', 115000, 133500, 185000, 225000, 305000, 425000, 520000, 650000, 1250000),
(59, 2, 'Dominican Republic', 115000, 133500, 185000, 225000, 305000, 425000, 520000, 650000, 1250000),
(60, 2, 'Ecuador', 115000, 133500, 185000, 225000, 305000, 425000, 520000, 650000, 1250000),
(61, 2, 'Egypt', 115000, 133500, 185000, 225000, 305000, 425000, 520000, 650000, 1250000),
(62, 2, 'El Salvador', 115000, 133500, 185000, 225000, 305000, 425000, 520000, 650000, 1250000),
(63, 2, 'Equatorial Guinea', 115000, 133500, 185000, 225000, 305000, 425000, 520000, 650000, 1250000),
(64, 2, 'Eritrea', 115000, 133500, 185000, 225000, 305000, 425000, 520000, 650000, 1250000),
(65, 2, 'Estonia', 187500, 360000, 502500, 637500, 712500, 928500, 1062000, 1192500, 1250000),
(66, 2, 'Ethiopia', 115000, 133500, 185000, 225000, 305000, 425000, 520000, 650000, 1250000),
(67, 2, 'Falkland Islands', 115000, 133500, 185000, 225000, 305000, 425000, 520000, 650000, 1250000),
(68, 2, 'Fiji', 115000, 133500, 185000, 225000, 305000, 425000, 520000, 650000, 1250000),
(69, 2, 'Finland', 187500, 360000, 502500, 637500, 712500, 928500, 1062000, 1192500, 1250000),
(70, 2, 'France', 187500, 360000, 502500, 637500, 712500, 928500, 1062000, 1192500, 1250000),
(71, 2, 'French Polynesia', 115000, 133500, 185000, 225000, 305000, 425000, 520000, 650000, 1250000),
(72, 2, 'French Southern Territories', 115000, 133500, 185000, 225000, 305000, 425000, 520000, 650000, 1250000),
(73, 2, 'Gabon', 115000, 133500, 185000, 225000, 305000, 425000, 520000, 650000, 1250000),
(74, 2, 'Gambia', 115000, 133500, 185000, 225000, 305000, 425000, 520000, 650000, 1250000),
(75, 2, 'Georgia', 115000, 133500, 185000, 225000, 305000, 425000, 520000, 650000, 1250000),
(76, 2, 'Germany', 187500, 360000, 502500, 637500, 712500, 928500, 1062000, 1192500, 1250000),
(77, 2, 'Ghana', 115000, 133500, 185000, 225000, 305000, 425000, 520000, 650000, 1250000),
(78, 2, 'Gibraltar', 115000, 133500, 185000, 225000, 305000, 425000, 520000, 650000, 1250000),
(79, 2, 'Greece', 187500, 360000, 502500, 637500, 712500, 928500, 1062000, 1192500, 1250000),
(80, 2, 'Greenland', 115000, 133500, 185000, 225000, 305000, 425000, 520000, 650000, 1250000),
(81, 2, 'Grenada', 115000, 133500, 185000, 225000, 305000, 425000, 520000, 650000, 1250000),
(82, 2, 'Guam', 115000, 133500, 185000, 225000, 305000, 425000, 520000, 650000, 1250000),
(83, 2, 'Guatemala', 115000, 133500, 185000, 225000, 305000, 425000, 520000, 650000, 1250000),
(84, 2, 'Guernsey', 115000, 133500, 185000, 225000, 305000, 425000, 520000, 650000, 1250000),
(85, 2, 'Guinea', 115000, 133500, 185000, 225000, 305000, 425000, 520000, 650000, 1250000),
(86, 2, 'Guinea-Bissau', 115000, 133500, 185000, 225000, 305000, 425000, 520000, 650000, 1250000),
(87, 2, 'Guyana', 115000, 133500, 185000, 225000, 305000, 425000, 520000, 650000, 1250000),
(88, 2, 'Haiti', 115000, 133500, 185000, 225000, 305000, 425000, 520000, 650000, 1250000),
(89, 2, 'Holy See', 115000, 133500, 185000, 225000, 305000, 425000, 520000, 650000, 1250000),
(90, 2, 'Honduras', 115000, 133500, 185000, 225000, 305000, 425000, 520000, 650000, 1250000),
(91, 2, 'Hong Kong', 115000, 133500, 185000, 225000, 305000, 425000, 520000, 650000, 1250000),
(92, 2, 'Hungary', 187500, 360000, 502500, 637500, 712500, 928500, 1062000, 1192500, 1250000),
(93, 2, 'Iceland', 187500, 360000, 502500, 637500, 712500, 928500, 1062000, 1192500, 1250000),
(94, 2, 'India', 115000, 133500, 185000, 225000, 305000, 425000, 520000, 650000, 1250000),
(95, 2, 'Iraq', 115000, 133500, 185000, 225000, 305000, 425000, 520000, 650000, 1250000),
(96, 2, 'Ireland', 115000, 133500, 185000, 225000, 305000, 425000, 520000, 650000, 1250000),
(97, 2, 'Isle of Man', 115000, 133500, 185000, 225000, 305000, 425000, 520000, 650000, 1250000),
(98, 2, 'Israel', 115000, 133500, 185000, 225000, 305000, 425000, 520000, 650000, 1250000),
(99, 2, 'Italy', 187500, 360000, 502500, 637500, 712500, 928500, 1062000, 1192500, 1250000),
(100, 2, 'Ivory Coast', 115000, 133500, 185000, 225000, 305000, 425000, 520000, 650000, 1250000),
(101, 2, 'Jamaica', 115000, 133500, 185000, 225000, 305000, 425000, 520000, 650000, 1250000),
(102, 2, 'Japan', 115000, 133500, 185000, 225000, 305000, 425000, 520000, 650000, 1250000),
(103, 2, 'Jersey', 115000, 133500, 185000, 225000, 305000, 425000, 520000, 650000, 1250000),
(104, 2, 'Jordan', 115000, 133500, 185000, 225000, 305000, 425000, 520000, 650000, 1250000),
(105, 2, 'Kazakhstan', 115000, 133500, 185000, 225000, 305000, 425000, 520000, 650000, 1250000),
(106, 2, 'Kenya', 115000, 133500, 185000, 225000, 305000, 425000, 520000, 650000, 1250000),
(107, 2, 'Kiribati', 115000, 133500, 185000, 225000, 305000, 425000, 520000, 650000, 1250000),
(108, 2, 'Kuwait', 115000, 133500, 185000, 225000, 305000, 425000, 520000, 650000, 1250000),
(109, 2, 'Kyrgyzstan', 115000, 133500, 185000, 225000, 305000, 425000, 520000, 650000, 1250000),
(110, 2, 'Laos', 115000, 133500, 185000, 225000, 305000, 425000, 520000, 650000, 1250000),
(111, 2, 'Latvia', 187500, 360000, 502500, 637500, 712500, 928500, 1062000, 1192500, 1250000),
(112, 2, 'Lebanon', 115000, 133500, 185000, 225000, 305000, 425000, 520000, 650000, 1250000),
(113, 2, 'Lesotho', 115000, 133500, 185000, 225000, 305000, 425000, 520000, 650000, 1250000),
(114, 2, 'Liberia', 115000, 133500, 185000, 225000, 305000, 425000, 520000, 650000, 1250000),
(115, 2, 'Libya', 115000, 133500, 185000, 225000, 305000, 425000, 520000, 650000, 1250000),
(116, 2, 'Liechtenstein', 187500, 360000, 502500, 637500, 712500, 928500, 1062000, 1192500, 1250000),
(117, 2, 'Lithuania', 187500, 360000, 502500, 637500, 712500, 928500, 1062000, 1192500, 1250000),
(118, 2, 'Luxembourg', 187500, 360000, 502500, 637500, 712500, 928500, 1062000, 1192500, 1250000),
(119, 2, 'Macau', 115000, 133500, 185000, 225000, 305000, 425000, 520000, 650000, 1250000),
(120, 2, 'Macedonia', 115000, 133500, 185000, 225000, 305000, 425000, 520000, 650000, 1250000),
(121, 2, 'Madagascar', 115000, 133500, 185000, 225000, 305000, 425000, 520000, 650000, 1250000),
(122, 2, 'Malawi', 115000, 133500, 185000, 225000, 305000, 425000, 520000, 650000, 1250000),
(123, 2, 'Malaysia', 115000, 133500, 185000, 225000, 305000, 425000, 520000, 650000, 1250000),
(124, 2, 'Maldives', 115000, 133500, 185000, 225000, 305000, 425000, 520000, 650000, 1250000),
(125, 2, 'Mali', 115000, 133500, 185000, 225000, 305000, 425000, 520000, 650000, 1250000),
(126, 2, 'Malta', 187500, 360000, 502500, 637500, 712500, 928500, 1062000, 1192500, 1250000),
(127, 2, 'Marshall Islands', 115000, 133500, 185000, 225000, 305000, 425000, 520000, 650000, 1250000),
(128, 2, 'Mauritania', 115000, 133500, 185000, 225000, 305000, 425000, 520000, 650000, 1250000),
(129, 2, 'Mauritius', 115000, 133500, 185000, 225000, 305000, 425000, 520000, 650000, 1250000),
(130, 2, 'Mexico', 115000, 133500, 185000, 225000, 305000, 425000, 520000, 650000, 1250000),
(131, 2, 'Micronesia', 115000, 133500, 185000, 225000, 305000, 425000, 520000, 650000, 1250000),
(132, 2, 'Moldova', 115000, 133500, 185000, 225000, 305000, 425000, 520000, 650000, 1250000),
(133, 2, 'Monaco', 115000, 133500, 185000, 225000, 305000, 425000, 520000, 650000, 1250000),
(134, 2, 'Mongolia', 115000, 133500, 185000, 225000, 305000, 425000, 520000, 650000, 1250000),
(135, 2, 'Montenegro', 115000, 133500, 185000, 225000, 305000, 425000, 520000, 650000, 1250000),
(136, 2, 'Morocco', 115000, 133500, 185000, 225000, 305000, 425000, 520000, 650000, 1250000),
(137, 2, 'Mozambique', 115000, 133500, 185000, 225000, 305000, 425000, 520000, 650000, 1250000),
(138, 2, 'Myanmar', 115000, 133500, 185000, 225000, 305000, 425000, 520000, 650000, 1250000),
(139, 2, 'Namibia', 115000, 133500, 185000, 225000, 305000, 425000, 520000, 650000, 1250000),
(140, 2, 'Nauru', 115000, 133500, 185000, 225000, 305000, 425000, 520000, 650000, 1250000),
(141, 2, 'Nepal', 115000, 133500, 185000, 225000, 305000, 425000, 520000, 650000, 1250000),
(142, 2, 'Netherlands', 187500, 360000, 502500, 637500, 712500, 928500, 1062000, 1192500, 1250000),
(143, 2, 'Netherlands Antilles', 115000, 133500, 185000, 225000, 305000, 425000, 520000, 650000, 1250000),
(144, 2, 'New Zealand', 115000, 133500, 185000, 225000, 305000, 425000, 520000, 650000, 1250000),
(145, 2, 'Nicaragua', 115000, 133500, 185000, 225000, 305000, 425000, 520000, 650000, 1250000),
(146, 2, 'Niger', 115000, 133500, 185000, 225000, 305000, 425000, 520000, 650000, 1250000),
(147, 2, 'Nigeria', 115000, 133500, 185000, 225000, 305000, 425000, 520000, 650000, 1250000),
(148, 2, 'Niue', 115000, 133500, 185000, 225000, 305000, 425000, 520000, 650000, 1250000),
(149, 2, 'Norfolk Island', 115000, 133500, 185000, 225000, 305000, 425000, 520000, 650000, 1250000),
(150, 2, 'Northern Mariana Island', 115000, 133500, 185000, 225000, 305000, 425000, 520000, 650000, 1250000),
(151, 2, 'Norway', 187500, 360000, 502500, 637500, 712500, 928500, 1062000, 1192500, 1250000),
(152, 2, 'Oman', 115000, 133500, 185000, 225000, 305000, 425000, 520000, 650000, 1250000),
(153, 2, 'Pakistan', 115000, 133500, 185000, 225000, 305000, 425000, 520000, 650000, 1250000),
(154, 2, 'Palau', 115000, 133500, 185000, 225000, 305000, 425000, 520000, 650000, 1250000),
(155, 2, 'Palestinian Territory', 115000, 133500, 185000, 225000, 305000, 425000, 520000, 650000, 1250000),
(156, 2, 'Panama', 115000, 133500, 185000, 225000, 305000, 425000, 520000, 650000, 1250000),
(157, 2, 'Papua New Guinea', 115000, 133500, 185000, 225000, 305000, 425000, 520000, 650000, 1250000),
(158, 2, 'Paraguay', 115000, 133500, 185000, 225000, 305000, 425000, 520000, 650000, 1250000),
(159, 2, 'Peru', 115000, 133500, 185000, 225000, 305000, 425000, 520000, 650000, 1250000),
(160, 2, 'Philippines', 115000, 133500, 185000, 225000, 305000, 425000, 520000, 650000, 1250000),
(161, 2, 'Pitcairn', 115000, 133500, 185000, 225000, 305000, 425000, 520000, 650000, 1250000),
(162, 2, 'Poland', 187500, 360000, 502500, 637500, 712500, 928500, 1062000, 1192500, 1250000),
(163, 2, 'Portugal', 187500, 360000, 502500, 637500, 712500, 928500, 1062000, 1192500, 1250000),
(164, 2, 'Puerto Rico', 115000, 133500, 185000, 225000, 305000, 425000, 520000, 650000, 1250000),
(165, 2, 'Qatar', 115000, 133500, 185000, 225000, 305000, 425000, 520000, 650000, 1250000),
(166, 2, 'Romania', 115000, 133500, 185000, 225000, 305000, 425000, 520000, 650000, 1250000),
(167, 2, 'Russia', 115000, 133500, 185000, 225000, 305000, 425000, 520000, 650000, 1250000),
(168, 2, 'Rwanda', 115000, 133500, 185000, 225000, 305000, 425000, 520000, 650000, 1250000),
(169, 2, 'Saint Bathelemy', 115000, 133500, 185000, 225000, 305000, 425000, 520000, 650000, 1250000),
(170, 2, 'Saint Helena Ascension and Tristan da Cunha', 115000, 133500, 185000, 225000, 305000, 425000, 520000, 650000, 1250000),
(171, 2, 'Saint Kitts and Nevis', 115000, 133500, 185000, 225000, 305000, 425000, 520000, 650000, 1250000),
(172, 2, 'Saint Lucia', 115000, 133500, 185000, 225000, 305000, 425000, 520000, 650000, 1250000),
(173, 2, 'Saint Martin', 115000, 133500, 185000, 225000, 305000, 425000, 520000, 650000, 1250000),
(174, 2, 'Saint Pierre and Miquelon', 115000, 133500, 185000, 225000, 305000, 425000, 520000, 650000, 1250000),
(175, 2, 'Saint Vincent and the Grenadines', 115000, 133500, 185000, 225000, 305000, 425000, 520000, 650000, 1250000),
(176, 2, 'Samoa', 115000, 133500, 185000, 225000, 305000, 425000, 520000, 650000, 1250000),
(177, 2, 'San Marino', 115000, 133500, 185000, 225000, 305000, 425000, 520000, 650000, 1250000),
(178, 2, 'Sao Tome and Principe', 115000, 133500, 185000, 225000, 305000, 425000, 520000, 650000, 1250000),
(179, 2, 'Saudi Arabia', 115000, 133500, 185000, 225000, 305000, 425000, 520000, 650000, 1250000),
(180, 2, 'Senegal', 115000, 133500, 185000, 225000, 305000, 425000, 520000, 650000, 1250000),
(181, 2, 'Serbia', 115000, 133500, 185000, 225000, 305000, 425000, 520000, 650000, 1250000),
(182, 2, 'Seychelles', 115000, 133500, 185000, 225000, 305000, 425000, 520000, 650000, 1250000),
(183, 2, 'Sierra Leone', 115000, 133500, 185000, 225000, 305000, 425000, 520000, 650000, 1250000),
(184, 2, 'Singapore', 115000, 133500, 185000, 225000, 305000, 425000, 520000, 650000, 1250000),
(185, 2, 'Slovakia', 187500, 360000, 502500, 637500, 712500, 928500, 1062000, 1192500, 1250000),
(186, 2, 'Slovenia', 187500, 360000, 502500, 637500, 712500, 928500, 1062000, 1192500, 1250000),
(187, 2, 'Solomon Islands', 115000, 133500, 185000, 225000, 305000, 425000, 520000, 650000, 1250000),
(188, 2, 'Somalia', 115000, 133500, 185000, 225000, 305000, 425000, 520000, 650000, 1250000),
(189, 2, 'South Africa', 115000, 133500, 185000, 225000, 305000, 425000, 520000, 650000, 1250000),
(190, 2, 'South Korea', 115000, 133500, 185000, 225000, 305000, 425000, 520000, 650000, 1250000),
(191, 2, 'Spain', 187500, 360000, 502500, 637500, 712500, 928500, 1062000, 1192500, 1250000),
(192, 2, 'Sri Lanka', 115000, 133500, 185000, 225000, 305000, 425000, 520000, 650000, 1250000),
(193, 2, 'Suriname', 115000, 133500, 185000, 225000, 305000, 425000, 520000, 650000, 1250000),
(194, 2, 'Svalbard', 115000, 133500, 185000, 225000, 305000, 425000, 520000, 650000, 1250000),
(195, 2, 'Swaziland', 115000, 133500, 185000, 225000, 305000, 425000, 520000, 650000, 1250000),
(196, 2, 'Sweden', 187500, 360000, 502500, 637500, 712500, 928500, 1062000, 1192500, 1250000),
(197, 2, 'Switzerland', 187500, 360000, 502500, 637500, 712500, 928500, 1062000, 1192500, 1250000),
(198, 2, 'Taiwan', 115000, 133500, 185000, 225000, 305000, 425000, 520000, 650000, 1250000),
(199, 2, 'Tajikistan', 115000, 133500, 185000, 225000, 305000, 425000, 520000, 650000, 1250000),
(200, 2, 'Tanzania', 115000, 133500, 185000, 225000, 305000, 425000, 520000, 650000, 1250000),
(201, 2, 'Thailand', 115000, 133500, 185000, 225000, 305000, 425000, 520000, 650000, 1250000),
(202, 2, 'Togo', 115000, 133500, 185000, 225000, 305000, 425000, 520000, 650000, 1250000),
(203, 2, 'Tokelau', 115000, 133500, 185000, 225000, 305000, 425000, 520000, 650000, 1250000),
(204, 2, 'Tonga', 115000, 133500, 185000, 225000, 305000, 425000, 520000, 650000, 1250000),
(205, 2, 'Trinidad and Tobago', 115000, 133500, 185000, 225000, 305000, 425000, 520000, 650000, 1250000),
(206, 2, 'Tunisia', 115000, 133500, 185000, 225000, 305000, 425000, 520000, 650000, 1250000),
(207, 2, 'Turkey', 115000, 133500, 185000, 225000, 305000, 425000, 520000, 650000, 1250000),
(208, 2, 'Turkmenistan', 115000, 133500, 185000, 225000, 305000, 425000, 520000, 650000, 1250000),
(209, 2, 'Turks and Caicos Islands', 115000, 133500, 185000, 225000, 305000, 425000, 520000, 650000, 1250000),
(210, 2, 'Tuvalu', 115000, 133500, 185000, 225000, 305000, 425000, 520000, 650000, 1250000),
(211, 2, 'Uganda', 115000, 133500, 185000, 225000, 305000, 425000, 520000, 650000, 1250000),
(212, 2, 'Ukraine', 115000, 133500, 185000, 225000, 305000, 425000, 520000, 650000, 1250000),
(213, 2, 'United Arab Emirates', 115000, 133500, 185000, 225000, 305000, 425000, 520000, 650000, 1250000),
(214, 2, 'United Kingdom', 115000, 133500, 185000, 225000, 305000, 425000, 520000, 650000, 1250000),
(215, 2, 'United States', 115000, 133500, 185000, 225000, 305000, 425000, 520000, 650000, 1250000),
(216, 2, 'Uruguay', 115000, 133500, 185000, 225000, 305000, 425000, 520000, 650000, 1250000),
(217, 2, 'Uzbekistan', 115000, 133500, 185000, 225000, 305000, 425000, 520000, 650000, 1250000),
(218, 2, 'Vanuatu', 115000, 133500, 185000, 225000, 305000, 425000, 520000, 650000, 1250000),
(219, 2, 'Venezuela', 115000, 133500, 185000, 225000, 305000, 425000, 520000, 650000, 1250000),
(220, 2, 'Vietnam', 115000, 133500, 185000, 225000, 305000, 425000, 520000, 650000, 1250000),
(221, 2, 'Virgin Islands', 115000, 133500, 185000, 225000, 305000, 425000, 520000, 650000, 1250000),
(222, 2, 'Wallis and Futuna', 115000, 133500, 185000, 225000, 305000, 425000, 520000, 650000, 1250000),
(223, 2, 'Yemen', 115000, 133500, 185000, 225000, 305000, 425000, 520000, 650000, 1250000),
(224, 2, 'Zambia', 115000, 133500, 185000, 225000, 305000, 425000, 520000, 650000, 1250000),
(225, 2, 'Zimbabwe', 115000, 133500, 185000, 225000, 305000, 425000, 520000, 650000, 1250000);
COMMIT;

/*!40101 SET CHARACTER_SET_CLIENT=@OLD_CHARACTER_SET_CLIENT */;
/*!40101 SET CHARACTER_SET_RESULTS=@OLD_CHARACTER_SET_RESULTS */;
/*!40101 SET COLLATION_CONNECTION=@OLD_COLLATION_CONNECTION */;
